--
-- PostgreSQL database dump
--

SET statement_timeout = 0;
SET lock_timeout = 0;
SET client_encoding = 'UTF8';
SET standard_conforming_strings = on;
SET check_function_bodies = false;
SET client_min_messages = warning;

--
-- Name: plpgsql; Type: EXTENSION; Schema: -; Owner: 
--

CREATE EXTENSION IF NOT EXISTS plpgsql WITH SCHEMA pg_catalog;


--
-- Name: EXTENSION plpgsql; Type: COMMENT; Schema: -; Owner: 
--

COMMENT ON EXTENSION plpgsql IS 'PL/pgSQL procedural language';


SET search_path = public, pg_catalog;

SET default_tablespace = '';

SET default_with_oids = false;

--
-- Name: cards; Type: TABLE; Schema: public; Owner: andrey; Tablespace: 
--

CREATE TABLE cards (
    id integer NOT NULL,
    price integer,
    name character varying(255),
    description character varying(255),
    left_number integer,
    top_number integer,
    right_number integer,
    bottom_number integer,
    lvl integer,
    created_at timestamp without time zone,
    updated_at timestamp without time zone,
    image_file_name character varying(255),
    image_content_type character varying(255),
    image_file_size integer,
    image_updated_at timestamp without time zone
);


ALTER TABLE public.cards OWNER TO andrey;

--
-- Name: cards_id_seq; Type: SEQUENCE; Schema: public; Owner: andrey
--

CREATE SEQUENCE cards_id_seq
    START WITH 1
    INCREMENT BY 1
    NO MINVALUE
    NO MAXVALUE
    CACHE 1;


ALTER TABLE public.cards_id_seq OWNER TO andrey;

--
-- Name: cards_id_seq; Type: SEQUENCE OWNED BY; Schema: public; Owner: andrey
--

ALTER SEQUENCE cards_id_seq OWNED BY cards.id;


--
-- Name: carts; Type: TABLE; Schema: public; Owner: andrey; Tablespace: 
--

CREATE TABLE carts (
    id integer NOT NULL,
    created_at timestamp without time zone,
    updated_at timestamp without time zone,
    user_id integer
);


ALTER TABLE public.carts OWNER TO andrey;

--
-- Name: carts_id_seq; Type: SEQUENCE; Schema: public; Owner: andrey
--

CREATE SEQUENCE carts_id_seq
    START WITH 1
    INCREMENT BY 1
    NO MINVALUE
    NO MAXVALUE
    CACHE 1;


ALTER TABLE public.carts_id_seq OWNER TO andrey;

--
-- Name: carts_id_seq; Type: SEQUENCE OWNED BY; Schema: public; Owner: andrey
--

ALTER SEQUENCE carts_id_seq OWNED BY carts.id;


--
-- Name: games; Type: TABLE; Schema: public; Owner: andrey; Tablespace: 
--

CREATE TABLE games (
    id integer NOT NULL,
    user_id integer,
    card_id integer,
    created_at timestamp without time zone,
    updated_at timestamp without time zone,
    image_file_name character varying(255),
    image_content_type character varying(255),
    image_file_size integer,
    image_updated_at timestamp without time zone
);


ALTER TABLE public.games OWNER TO andrey;

--
-- Name: games_id_seq; Type: SEQUENCE; Schema: public; Owner: andrey
--

CREATE SEQUENCE games_id_seq
    START WITH 1
    INCREMENT BY 1
    NO MINVALUE
    NO MAXVALUE
    CACHE 1;


ALTER TABLE public.games_id_seq OWNER TO andrey;

--
-- Name: games_id_seq; Type: SEQUENCE OWNED BY; Schema: public; Owner: andrey
--

ALTER SEQUENCE games_id_seq OWNED BY games.id;


--
-- Name: line_items; Type: TABLE; Schema: public; Owner: andrey; Tablespace: 
--

CREATE TABLE line_items (
    id integer NOT NULL,
    card_id integer,
    cart_id integer,
    created_at timestamp without time zone,
    updated_at timestamp without time zone
);


ALTER TABLE public.line_items OWNER TO andrey;

--
-- Name: line_items_id_seq; Type: SEQUENCE; Schema: public; Owner: andrey
--

CREATE SEQUENCE line_items_id_seq
    START WITH 1
    INCREMENT BY 1
    NO MINVALUE
    NO MAXVALUE
    CACHE 1;


ALTER TABLE public.line_items_id_seq OWNER TO andrey;

--
-- Name: line_items_id_seq; Type: SEQUENCE OWNED BY; Schema: public; Owner: andrey
--

ALTER SEQUENCE line_items_id_seq OWNED BY line_items.id;


--
-- Name: schema_migrations; Type: TABLE; Schema: public; Owner: andrey; Tablespace: 
--

CREATE TABLE schema_migrations (
    version character varying(255) NOT NULL
);


ALTER TABLE public.schema_migrations OWNER TO andrey;

--
-- Name: users; Type: TABLE; Schema: public; Owner: andrey; Tablespace: 
--

CREATE TABLE users (
    id integer NOT NULL,
    email character varying(255) DEFAULT ''::character varying NOT NULL,
    encrypted_password character varying(255) DEFAULT ''::character varying NOT NULL,
    reset_password_token character varying(255),
    reset_password_sent_at timestamp without time zone,
    remember_created_at timestamp without time zone,
    sign_in_count integer DEFAULT 0 NOT NULL,
    current_sign_in_at timestamp without time zone,
    last_sign_in_at timestamp without time zone,
    current_sign_in_ip inet,
    last_sign_in_ip inet,
    created_at timestamp without time zone NOT NULL,
    updated_at timestamp without time zone NOT NULL,
    admin boolean DEFAULT false,
    name character varying(255),
    balance integer DEFAULT 2100
);


ALTER TABLE public.users OWNER TO andrey;

--
-- Name: users_id_seq; Type: SEQUENCE; Schema: public; Owner: andrey
--

CREATE SEQUENCE users_id_seq
    START WITH 1
    INCREMENT BY 1
    NO MINVALUE
    NO MAXVALUE
    CACHE 1;


ALTER TABLE public.users_id_seq OWNER TO andrey;

--
-- Name: users_id_seq; Type: SEQUENCE OWNED BY; Schema: public; Owner: andrey
--

ALTER SEQUENCE users_id_seq OWNED BY users.id;


--
-- Name: id; Type: DEFAULT; Schema: public; Owner: andrey
--

ALTER TABLE ONLY cards ALTER COLUMN id SET DEFAULT nextval('cards_id_seq'::regclass);


--
-- Name: id; Type: DEFAULT; Schema: public; Owner: andrey
--

ALTER TABLE ONLY carts ALTER COLUMN id SET DEFAULT nextval('carts_id_seq'::regclass);


--
-- Name: id; Type: DEFAULT; Schema: public; Owner: andrey
--

ALTER TABLE ONLY games ALTER COLUMN id SET DEFAULT nextval('games_id_seq'::regclass);


--
-- Name: id; Type: DEFAULT; Schema: public; Owner: andrey
--

ALTER TABLE ONLY line_items ALTER COLUMN id SET DEFAULT nextval('line_items_id_seq'::regclass);


--
-- Name: id; Type: DEFAULT; Schema: public; Owner: andrey
--

ALTER TABLE ONLY users ALTER COLUMN id SET DEFAULT nextval('users_id_seq'::regclass);


--
-- Data for Name: cards; Type: TABLE DATA; Schema: public; Owner: andrey
--

COPY cards (id, price, name, description, left_number, top_number, right_number, bottom_number, lvl, created_at, updated_at, image_file_name, image_content_type, image_file_size, image_updated_at) FROM stdin;
1	600	Ward	Вард. Школьный друг Сквала, также состоит в его команде. Основное оружее: Двуручный Мечь.	8	10	7	2	10	2015-08-18 09:28:51.737841	2015-08-18 09:28:51.737841	1365667781.jpg	image/jpeg	40238	2015-08-18 09:28:50.973426
2	600	Selphie	Селфи. Школьная подруга Сквала, также состоит в его команде. Основное оружее: Кнут.	4	10	8	6	10	2015-08-18 09:30:10.806612	2015-08-18 09:30:10.806612	1365660259.jpg	image/jpeg	41105	2015-08-18 09:30:10.63436
3	600	Kiros	Кирос. Лучший друг Лагуны, также состоит в его команде. Основное оружее: Мечь. 	10	6	7	6	10	2015-08-18 09:31:12.261241	2015-08-18 09:31:12.261241	1365661344.jpg	image/jpeg	39191	2015-08-18 09:31:11.989125
4	600	Zell	Зелл. Лучший друг Сквала, также состоит в его команде. Основное оружее: Рукапашный бой. 	6	8	5	10	10	2015-08-18 09:32:42.936396	2015-08-18 09:32:42.936396	1365661444.jpg	image/jpeg	41018	2015-08-18 09:32:42.745422
5	600	Rinoa	Риноа. Любимая девушка Сквала.	10	4	10	2	10	2015-08-18 09:33:31.794315	2015-08-18 09:33:31.794315	1365662722.jpg	image/jpeg	42607	2015-08-18 09:33:31.300401
6	600	Edea	Эдея. Колдунья, похитевшая Риноу и замышляющая уничтожения всего живого с её помощью. Главный злодей. Основное оружее: Магия. \r\n	3	10	10	3	10	2015-08-18 09:34:12.355666	2015-08-18 09:34:12.355666	1365662842.jpg	image/jpeg	43547	2015-08-18 09:34:12.120273
7	600	Seifer	Сейфер. Школьный друг Сквала, но потом изменил мировозрение и ушёл на службу к колдуньи Эдеи, где стал её первым помошником. Основное оружее: Мечь, Магия.	4	6	9	10	10	2015-08-18 09:35:51.66639	2015-08-18 09:35:51.66639	1365663168.jpg	image/jpeg	42901	2015-08-18 09:35:51.462843
8	600	Squall	Сквал. Главный персонаж. Основное оружее: Мечь.	9	10	4	6	10	2015-08-18 09:37:02.220882	2015-08-18 09:37:02.220882	1365663205.jpg	image/jpeg	40160	2015-08-18 09:37:02.067884
9	600	Laguna	Лагуна. Тоже главный герой как и Сквал, только в параллельном мире.	9	5	10	3	10	2015-08-18 09:38:32.719834	2015-08-18 09:38:32.719834	1365664020.jpg	image/jpeg	41059	2015-08-18 09:38:32.531963
10	600	Quistis	Квистис. Школьная учительница Сквала, также состоит в его команде. Основное оружее: Магия.\r\n	2	9	6	10	10	2015-08-18 09:39:15.08188	2015-08-18 09:39:15.08188	1365666736.jpg	image/jpeg	44121	2015-08-18 09:39:14.934068
11	600	Irvine	Ирвин. Друг Сквала, также состоит в его команде. Основное оружее: Ружьё.	10	2	6	9	10	2015-08-18 09:40:07.345344	2015-08-18 09:40:07.345344	1365667552.jpg	image/jpeg	42978	2015-08-18 09:40:07.155694
12	500	Leviathan	Левиафан. Мифический морской легендарный монстр. Стихия: Вода.	7	7	10	1	9	2015-08-18 09:40:52.414673	2015-08-18 09:40:52.414673	1365659473.jpg	image/jpeg	41365	2015-08-18 09:40:52.248481
13	500	Pandemona	Пандемона. Песчаный монстр. Стихия: Ветер.	7	10	1	7	9	2015-08-18 09:41:39.932326	2015-08-18 09:41:39.932326	1365662839.jpg	image/jpeg	41963	2015-08-18 09:41:39.78577
14	500	Eden	Еден. Магический монстр.	10	4	4	9	9	2015-08-18 09:42:33.820219	2015-08-18 09:42:33.820219	1365663514.jpg	image/jpeg	42529	2015-08-18 09:42:33.665682
15	500	Alexander	Александр. Ангелоподобное существо. Стихия: Святость. 	2	9	10	4	9	2015-08-18 09:45:33.115706	2015-08-18 09:45:33.115706	1365664992.jpg	image/jpeg	42160	2015-08-18 09:45:32.947372
16	500	Odin	Один. Божество. Если стоит на вашей стороне, часто приходит на выручку в нужный момент. 	5	8	10	3	9	2015-08-18 09:46:29.340795	2015-08-18 09:46:29.340795	1365665206.jpg	image/jpeg	41606	2015-08-18 09:46:29.04277
17	500	Doomtrain	Думтрэйн. Монстр с топких болот. Стихия: Вода.	10	3	1	10	9	2015-08-18 09:47:08.551491	2015-08-18 09:47:08.551491	1365665393.jpg	image/jpeg	44096	2015-08-18 09:47:08.370738
18	500	Phoenix	Феникс. Огненная жарптица, вечноперерождающаяся. Стихия: Огонь. \r\n	10	7	2	7	9	2015-08-18 09:48:07.613919	2015-08-18 09:48:07.613919	1365665867.jpg	image/jpeg	50908	2015-08-18 09:48:07.410255
19	500	Cerberus	Цербер. Трёхглавый пёс, охранающий преисподню.	10	7	4	6	9	2015-08-18 09:50:10.472914	2015-08-18 09:50:10.472914	1365665873.jpg	image/jpeg	44405	2015-08-18 09:50:10.318302
20	500	Bahamut	Багамут. Демонический дракон.	6	10	8	2	9	2015-08-18 09:50:57.437843	2015-08-18 09:50:57.437843	1365665966.jpg	image/jpeg	36122	2015-08-18 09:50:57.227858
21	500	Carbuncle	Карбунсл. Легендарное мифическое существо.	4	8	4	10	9	2015-08-18 09:52:16.59732	2015-08-18 09:52:16.59732	1365665992.jpg	image/jpeg	43873	2015-08-18 09:52:16.451601
22	500	Diablos	Дьявол. Воплощение тьмы.	3	5	10	8	9	2015-08-18 09:53:54.885385	2015-08-18 09:53:54.885385	1365666814.jpg	image/jpeg	43419	2015-08-18 09:53:54.655138
23	400	Siren	Сирена. Девушка-монстр, манящая своими песнями.	2	8	9	6	8	2015-08-18 09:54:39.548184	2015-08-18 09:54:39.548184	1365660430.jpg	image/jpeg	40430	2015-08-18 09:54:39.403296
24	400	Chubby Cho Cobo	Чубби чо Кобо. Гигансткий цыплёнок. Секретный монстр.	9	4	4	8	8	2015-08-18 09:55:23.355097	2015-08-18 09:55:23.355097	1365660983.jpg	image/jpeg	36693	2015-08-18 09:55:23.212617
25	400	Angelo	Анджело. Пёс, верный спутник Ирвина.	3	9	6	7	8	2015-08-18 09:56:13.649429	2015-08-18 09:56:13.649429	1365662953.jpg	image/jpeg	38937	2015-08-18 09:56:13.498245
26	400	Minotaur	Минотавр. Первый из 2х братьев, охраняющий священную пещеру "Скербленд". Стихия: Камень.	9	9	5	2	8	2015-08-18 09:56:54.107021	2015-08-18 09:56:54.107021	1365663755.jpg	image/jpeg	50139	2015-08-18 09:56:53.92908
27	400	Shiva	Шива. Ледяная богиня.	9	6	7	4	8	2015-08-18 09:57:33.02564	2015-08-18 09:57:33.02564	1365663934.jpg	image/jpeg	41154	2015-08-18 09:57:32.890412
28	400	Chicobo	Чикобо. Обычный цыплёнок, которого выращивают фермеры.	4	9	4	8	8	2015-08-18 09:58:11.541466	2015-08-18 09:58:11.541466	1365663970.jpg	image/jpeg	37024	2015-08-18 09:58:11.388157
29	400	Sacred	Сакред. Второй из 2х братьев, охраняющий священную пещеру "Скербленд". Стихия: Камень.	9	5	1	9	8	2015-08-18 09:58:50.593712	2015-08-18 09:58:50.593712	1365664147.jpg	image/jpeg	43805	2015-08-18 09:58:50.462073
30	400	Gilgamesh	Гилгамеш. Красный ниндзя. Обладает одним сокрушительным ударом.	6	3	7	9	8	2015-08-18 09:59:27.538239	2015-08-18 09:59:27.538239	1365665449.jpg	image/jpeg	42694	2015-08-18 09:59:27.399509
31	400	Quezacotl	Кюзакотл. Священная птица, воплощение живой энергии молнии. Стихия: Молния.	4	2	9	9	8	2015-08-18 10:00:11.598314	2015-08-18 10:00:11.598314	1365666183.jpg	image/jpeg	43159	2015-08-18 10:00:11.455981
32	400	MiniMog	МиниМог. Таинственная кошка, которая приносит удачу. 	2	9	3	9	8	2015-08-18 10:00:55.747615	2015-08-18 10:00:55.747615	1365667332.jpg	image/jpeg	40549	2015-08-18 10:00:55.625118
33	400	Ifrit	Ифрит. Огненный демон. Стихия: Огонь. 	8	9	6	2	8	2015-08-18 10:01:24.832609	2015-08-18 10:01:24.832609	1365667745.jpg	image/jpeg	39487	2015-08-18 10:01:24.647119
34	300	BGH251F2	Стеноразрушитель. Мощный трактор, по совместительству является машиной для десанта.	5	5	7	8	7	2015-08-18 10:02:06.560885	2015-08-18 10:02:06.560885	1365603427.jpg	image/jpeg	39993	2015-08-18 10:02:06.420809
35	300	Propagator	Пропагатор. Ящер-мутант 	8	8	4	4	7	2015-08-18 10:02:41.33812	2015-08-18 10:02:41.33812	1365603956.jpg	image/jpeg	36650	2015-08-18 10:02:41.194145
36	300	Catoblepas	Катоблепас. Демоническое существо.	7	1	8	7	7	2015-08-18 10:03:24.377291	2015-08-18 10:03:24.377291	1365604134.jpg	image/jpeg	36711	2015-08-18 10:03:24.240836
37	300	Mobile Type 8	Инопланетный шатл.	3	8	6	7	7	2015-08-18 10:04:23.033837	2015-08-18 10:04:23.033837	1365604450.jpg	image/jpeg	38868	2015-08-18 10:04:22.850277
38	300	Sphinxara	Сфинксара. Сфинкс с крыльями. 	8	8	3	5	7	2015-08-18 10:05:00.143175	2015-08-18 10:05:00.143175	1365604459.jpg	image/jpeg	37621	2015-08-18 10:04:59.975085
39	300	Red Giant	Красный великан.	7	6	8	4	7	2015-08-18 10:05:59.465268	2015-08-18 10:05:59.465268	1365605466.jpg	image/jpeg	39725	2015-08-18 10:05:59.3297
41	300	Jumbo Cactaur	Бегущий кактус.	4	8	8	4	7	2015-08-18 10:07:19.619628	2015-08-18 10:07:19.619628	1365606851.jpg	image/jpeg	42908	2015-08-18 10:07:19.482831
42	300	Tri Point	Три Поинт. Электрический дракон. Стихия: Молния	8	8	5	2	7	2015-08-18 10:07:55.142996	2015-08-18 10:07:55.142996	1365608232.jpg	image/jpeg	43707	2015-08-18 10:07:55.005611
43	300	Gargantua	Гарганту. Монстр тёмных песков.	8	5	6	6	7	2015-08-18 10:08:32.743413	2015-08-18 10:08:32.743413	1365607044.jpg	image/jpeg	40475	2015-08-18 10:08:32.592717
44	300	Tiamat	Тиамат. Пещерный монстр.	4	8	8	5	7	2015-08-18 10:09:10.793023	2015-08-18 10:09:10.793023	1365608927.jpg	image/jpeg	39261	2015-08-18 10:09:10.617451
45	200	Shumi Tribe	Шуми Триб. Монах из храма "Шуми"	4	6	5	8	6	2015-08-18 10:13:05.218202	2015-08-18 10:13:05.218202	1365603588.jpg	image/jpeg	40412	2015-08-18 10:13:05.057115
46	200	Granaldo	Граналдо. Пчела-мутант.	5	7	2	8	6	2015-08-18 10:14:02.962997	2015-08-18 10:14:02.962997	1365603751.jpg	image/jpeg	35805	2015-08-18 10:14:02.822645
47	200	Trauma	Траума. Идолическая статуя. 	6	4	8	5	6	2015-08-18 10:14:39.086515	2015-08-18 10:14:39.086515	1365604163.jpg	image/jpeg	37531	2015-08-18 10:14:38.925748
48	200	X-ATM092	Робот-паук	3	4	8	7	6	2015-08-18 10:15:14.100671	2015-08-18 10:15:14.100671	1365604205.jpg	image/jpeg	43997	2015-08-18 10:15:13.91847
49	200	Iguion	Игуион. Ящер 	2	8	2	8	6	2015-08-18 10:16:16.435815	2015-08-18 10:16:16.435815	1365604296.jpg	image/jpeg	43025	2015-08-18 10:16:16.255509
50	200	Abadon	Абадон. Демоническое существо. 	5	6	8	4	6	2015-08-18 10:16:51.863149	2015-08-18 10:16:51.863149	1365606811.jpg	image/jpeg	35702	2015-08-18 10:16:51.715766
51	200	Gerogero	Герогеро. Водный мутант.	3	1	8	8	6	2015-08-18 10:18:20.249117	2015-08-18 10:18:20.249117	1365607014.jpg	image/jpeg	39029	2015-08-18 10:18:20.107794
52	200	Oilboyle	Оилбой. Масляной слизень.	8	1	8	4	6	2015-08-18 10:23:40.857902	2015-08-18 10:23:40.857902	1365608469.jpg	image/jpeg	35379	2015-08-18 10:23:40.694716
53	200	Krysta	Круста. Летающая каменная статуя.	1	7	5	8	6	2015-08-18 10:24:24.807293	2015-08-18 10:24:24.807293	1365609942.jpg	image/jpeg	37491	2015-08-18 10:24:24.630985
54	200	Fujin, Raijin	Фуйджин и Райджин. Личные телохранители Сейфера.	4	2	8	8	6	2015-08-18 10:25:28.822107	2015-08-18 10:25:28.822107	1365610699.jpg	image/jpeg	40522	2015-08-18 10:25:28.691385
55	200	Elvoret	Элворет. Огромная летающая мышь. Стихия: Ветер. 	4	7	8	3	6	2015-08-18 10:26:05.676128	2015-08-18 10:26:05.676128	1365611254.jpg	image/jpeg	40472	2015-08-18 10:26:05.526254
56	100	Chimera	Химера. Стихия: Вода	3	7	6	5	5	2015-08-18 10:26:45.713475	2015-08-18 10:26:45.713475	1365488367.jpg	image/jpeg	53214	2015-08-18 10:26:45.572096
57	100	Ruby Dragon	Рубиновый Дракон. Стихия: Огонь	4	7	2	7	5	2015-08-18 10:27:37.899983	2015-08-18 10:27:37.899983	1365488794.jpg	image/jpeg	50142	2015-08-18 10:27:37.767646
58	100	GIM47N	Робот-клоун	4	5	5	7	5	2015-08-18 10:28:12.535852	2015-08-18 10:28:12.535852	1365489123.jpg	image/jpeg	36146	2015-08-18 10:28:12.32765
59	100	Elastoid	Робот-осминог	7	6	2	6	5	2015-08-18 10:28:45.887319	2015-08-18 10:28:45.887319	1365491781.jpg	image/jpeg	46238	2015-08-18 10:28:45.681104
60	100	Iron Giant	Железнай гигант	5	6	5	6	5	2015-08-18 10:29:13.70515	2015-08-18 10:29:13.70515	1365492595.jpg	image/jpeg	46264	2015-08-18 10:29:13.514405
61	100	Behemoth	Бегемот с красных земель 	7	3	6	5	5	2015-08-18 10:29:49.730101	2015-08-18 10:29:49.730101	1365492786.jpg	image/jpeg	45215	2015-08-18 10:29:49.532104
62	100	Tonberry King	Король народа "Тонберри"	4	4	6	7	5	2015-08-18 10:30:26.884935	2015-08-18 10:30:26.884935	1365492605.jpg	image/jpeg	44237	2015-08-18 10:30:26.651897
63	100	Malboro	Мальборо, кислотный монстр. Стихия: Вода	2	7	7	4	5	2015-08-18 10:31:00.892367	2015-08-18 10:31:00.892367	1365492996.jpg	image/jpeg	53366	2015-08-18 10:31:00.700841
64	100	Wedge, Biggs	Ведге и Бигс. Браться из сторожевой гвардии королевы.	7	6	6	2	5	2015-08-18 10:31:36.819946	2015-08-18 10:31:36.819946	1365493783.jpg	image/jpeg	40164	2015-08-18 10:31:36.635774
65	100	PuPu	Пупу. Иноземный монстр	1	3	10	2	5	2015-08-18 10:32:08.742084	2015-08-18 10:32:08.742084	1365494629.jpg	image/jpeg	37197	2015-08-18 10:32:08.554979
66	100	Elnoyle	Элнойл. Гигантская летучая мышь. Обитает в тёмных землях.	6	5	3	7	5	2015-08-18 10:32:39.429031	2015-08-18 10:32:39.429031	1369042557.jpg	image/jpeg	50169	2015-08-18 10:32:39.216742
40	300	Ultima Weapon	Ультима. Крылатый монстр с легендарным мечём "Крилиз"	8	7	7	2	7	2015-08-18 10:06:41.732719	2015-09-03 19:38:15.940854	1365606131.jpg	image/jpeg	40927	2015-08-18 10:06:41.586434
\.


--
-- Name: cards_id_seq; Type: SEQUENCE SET; Schema: public; Owner: andrey
--

SELECT pg_catalog.setval('cards_id_seq', 66, true);


--
-- Data for Name: carts; Type: TABLE DATA; Schema: public; Owner: andrey
--

COPY carts (id, created_at, updated_at, user_id) FROM stdin;
2	2015-08-18 11:04:42.356683	2015-08-18 11:04:42.356683	1
8	2015-08-18 11:43:24.275522	2015-08-18 11:43:24.275522	2
15	2015-08-18 14:58:58.103005	2015-08-18 14:58:58.103005	2
18	2015-08-18 19:21:36.961176	2015-08-18 19:21:36.961176	2
19	2015-08-18 19:24:14.42489	2015-08-18 19:24:14.42489	2
21	2015-08-19 07:19:58.687857	2015-08-19 07:19:58.687857	2
23	2015-08-19 18:19:17.268232	2015-08-19 18:19:17.268232	3
57	2015-08-20 09:27:54.202673	2015-08-20 09:27:54.202673	2
59	2015-08-20 15:55:50.106496	2015-08-20 15:55:50.106496	2
63	2015-08-21 07:34:05.634566	2015-08-21 07:34:05.634566	2
65	2015-08-21 09:36:39.221181	2015-08-21 09:36:39.221181	2
67	2015-08-24 08:59:27.252247	2015-08-24 08:59:27.252247	2
72	2015-08-24 11:04:53.31755	2015-08-24 11:04:53.31755	2
74	2015-08-25 07:00:22.209428	2015-08-25 07:00:22.209428	2
77	2015-08-25 09:26:28.226736	2015-08-25 09:26:28.226736	2
80	2015-08-26 06:53:01.219094	2015-08-26 06:53:01.219094	2
82	2015-08-26 11:01:54.297245	2015-08-26 11:01:54.297245	2
84	2015-08-26 11:11:45.392625	2015-08-26 11:11:45.392625	2
86	2015-08-26 11:36:57.539953	2015-08-26 11:36:57.539953	2
88	2015-08-26 12:48:47.063029	2015-08-26 12:48:47.063029	2
90	2015-08-26 13:11:22.473448	2015-08-26 13:11:22.473448	2
93	2015-08-27 11:25:29.455904	2015-08-27 11:25:29.455904	2
95	2015-08-27 11:45:31.757445	2015-08-27 11:45:31.757445	2
96	2015-08-28 10:58:43.31695	2015-08-28 10:58:43.31695	2
98	2015-08-29 19:10:57.820207	2015-08-29 19:10:57.820207	2
100	2015-08-31 10:49:40.677055	2015-08-31 10:49:40.677055	2
102	2015-08-31 15:58:33.536153	2015-08-31 15:58:33.536153	2
104	2015-08-31 16:28:59.465243	2015-08-31 16:28:59.465243	2
105	2015-08-31 19:43:21.167943	2015-08-31 19:43:21.167943	2
106	2015-08-31 19:45:13.742616	2015-08-31 19:45:13.742616	2
107	2015-08-31 19:45:56.486243	2015-08-31 19:45:56.486243	2
108	2015-08-31 20:09:26.281459	2015-08-31 20:09:26.281459	2
109	2015-08-31 20:09:45.291277	2015-08-31 20:09:45.291277	2
111	2015-09-01 06:11:05.968127	2015-09-01 06:11:05.968127	2
113	2015-09-01 07:31:56.487647	2015-09-01 07:31:56.487647	2
115	2015-09-01 10:25:01.945516	2015-09-01 10:25:01.945516	2
117	2015-09-01 18:16:08.565097	2015-09-01 18:16:08.565097	2
119	2015-09-03 08:06:43.986978	2015-09-03 08:06:43.986978	2
121	2015-09-03 11:38:01.827987	2015-09-03 11:38:01.827987	2
123	2015-09-03 12:24:56.057159	2015-09-03 12:24:56.057159	2
124	2015-09-03 14:36:54.762585	2015-09-03 14:36:54.762585	2
126	2015-09-03 17:11:46.602649	2015-09-03 17:11:46.602649	2
128	2015-09-03 19:16:27.624075	2015-09-03 19:16:27.624075	2
130	2015-09-03 19:38:29.33841	2015-09-03 19:38:29.33841	2
132	2015-09-04 05:31:27.887288	2015-09-04 05:31:27.887288	2
134	2015-09-04 08:20:41.189843	2015-09-04 08:20:41.189843	2
136	2015-09-04 11:17:45.770573	2015-09-04 11:17:45.770573	2
138	2015-09-04 13:29:09.29641	2015-09-04 13:29:09.29641	2
140	2015-09-05 08:45:23.880649	2015-09-05 08:45:23.880649	2
142	2015-09-06 09:16:01.97068	2015-09-06 09:16:01.97068	2
144	2015-09-06 15:03:11.645059	2015-09-06 15:03:11.645059	2
146	2015-09-08 09:06:11.602959	2015-09-08 09:06:11.602959	2
148	2015-09-10 07:53:54.533329	2015-09-10 07:53:54.533329	2
150	2015-09-10 13:04:09.688721	2015-09-10 13:04:09.688721	2
151	2015-09-11 06:32:17.805132	2015-09-11 06:32:17.805132	1
152	2015-09-11 06:32:17.888499	2015-09-11 06:32:17.888499	2
153	2015-09-11 06:32:17.896823	2015-09-11 06:32:17.896823	2
154	2015-09-11 06:32:17.904724	2015-09-11 06:32:17.904724	2
155	2015-09-11 06:32:17.91306	2015-09-11 06:32:17.91306	2
156	2015-09-11 06:32:17.921413	2015-09-11 06:32:17.921413	2
157	2015-09-11 06:32:17.929734	2015-09-11 06:32:17.929734	3
158	2015-09-11 06:32:17.938064	2015-09-11 06:32:17.938064	2
159	2015-09-11 06:32:17.946548	2015-09-11 06:32:17.946548	2
160	2015-09-11 06:32:17.954897	2015-09-11 06:32:17.954897	2
161	2015-09-11 06:32:17.963205	2015-09-11 06:32:17.963205	2
162	2015-09-11 06:32:17.971524	2015-09-11 06:32:17.971524	2
163	2015-09-11 06:32:17.979871	2015-09-11 06:32:17.979871	2
164	2015-09-11 06:32:17.988201	2015-09-11 06:32:17.988201	2
165	2015-09-11 06:32:17.996514	2015-09-11 06:32:17.996514	2
166	2015-09-11 06:32:18.004832	2015-09-11 06:32:18.004832	2
167	2015-09-11 06:32:18.013168	2015-09-11 06:32:18.013168	2
168	2015-09-11 06:32:18.021504	2015-09-11 06:32:18.021504	2
169	2015-09-11 06:32:18.029831	2015-09-11 06:32:18.029831	2
170	2015-09-11 06:32:18.038151	2015-09-11 06:32:18.038151	2
171	2015-09-11 06:32:18.046488	2015-09-11 06:32:18.046488	2
172	2015-09-11 06:32:18.05483	2015-09-11 06:32:18.05483	2
173	2015-09-11 06:32:18.06316	2015-09-11 06:32:18.06316	2
174	2015-09-11 06:32:18.071465	2015-09-11 06:32:18.071465	2
175	2015-09-11 06:32:18.079803	2015-09-11 06:32:18.079803	2
176	2015-09-11 06:32:18.088131	2015-09-11 06:32:18.088131	2
177	2015-09-11 06:32:18.096452	2015-09-11 06:32:18.096452	2
178	2015-09-11 06:32:18.104782	2015-09-11 06:32:18.104782	2
179	2015-09-11 06:32:18.113126	2015-09-11 06:32:18.113126	2
180	2015-09-11 06:32:18.121578	2015-09-11 06:32:18.121578	2
181	2015-09-11 06:32:18.129861	2015-09-11 06:32:18.129861	2
182	2015-09-11 06:32:18.138164	2015-09-11 06:32:18.138164	2
183	2015-09-11 06:32:18.146502	2015-09-11 06:32:18.146502	2
184	2015-09-11 06:32:18.15485	2015-09-11 06:32:18.15485	2
185	2015-09-11 06:32:18.163162	2015-09-11 06:32:18.163162	2
186	2015-09-11 06:32:18.171481	2015-09-11 06:32:18.171481	2
187	2015-09-11 06:32:18.179813	2015-09-11 06:32:18.179813	2
188	2015-09-11 06:32:18.188147	2015-09-11 06:32:18.188147	2
189	2015-09-11 06:32:18.196483	2015-09-11 06:32:18.196483	2
190	2015-09-11 06:32:18.204798	2015-09-11 06:32:18.204798	2
191	2015-09-11 06:32:18.213197	2015-09-11 06:32:18.213197	2
192	2015-09-11 06:32:18.221464	2015-09-11 06:32:18.221464	2
193	2015-09-11 06:32:18.229791	2015-09-11 06:32:18.229791	2
194	2015-09-11 06:32:18.238118	2015-09-11 06:32:18.238118	2
195	2015-09-11 06:32:18.246459	2015-09-11 06:32:18.246459	2
196	2015-09-11 06:32:18.254791	2015-09-11 06:32:18.254791	2
197	2015-09-11 06:32:18.26312	2015-09-11 06:32:18.26312	2
198	2015-09-11 06:32:18.271486	2015-09-11 06:32:18.271486	2
199	2015-09-11 06:32:18.279762	2015-09-11 06:32:18.279762	2
200	2015-09-11 06:32:18.288094	2015-09-11 06:32:18.288094	2
201	2015-09-11 06:32:18.296412	2015-09-11 06:32:18.296412	2
202	2015-09-11 06:32:18.304737	2015-09-11 06:32:18.304737	2
204	2015-09-11 07:46:59.153883	2015-09-11 07:46:59.153883	2
\.


--
-- Name: carts_id_seq; Type: SEQUENCE SET; Schema: public; Owner: andrey
--

SELECT pg_catalog.setval('carts_id_seq', 204, true);


--
-- Data for Name: games; Type: TABLE DATA; Schema: public; Owner: andrey
--

COPY games (id, user_id, card_id, created_at, updated_at, image_file_name, image_content_type, image_file_size, image_updated_at) FROM stdin;
\.


--
-- Name: games_id_seq; Type: SEQUENCE SET; Schema: public; Owner: andrey
--

SELECT pg_catalog.setval('games_id_seq', 1, false);


--
-- Data for Name: line_items; Type: TABLE DATA; Schema: public; Owner: andrey
--

COPY line_items (id, card_id, cart_id, created_at, updated_at) FROM stdin;
90	1	72	2015-08-24 11:04:53.345257	2015-08-24 11:04:53.345257
91	1	72	2015-08-24 17:08:44.963515	2015-08-24 17:08:44.963515
92	34	72	2015-08-24 17:08:50.560414	2015-08-24 17:08:50.560414
93	52	72	2015-08-24 17:08:54.225185	2015-08-24 17:08:54.225185
94	64	72	2015-08-24 17:09:00.172996	2015-08-24 17:09:00.172996
95	1	74	2015-08-25 07:00:22.251196	2015-08-25 07:00:22.251196
96	3	74	2015-08-25 07:00:24.732491	2015-08-25 07:00:24.732491
97	12	74	2015-08-25 07:01:59.208807	2015-08-25 07:01:59.208807
98	32	74	2015-08-25 07:02:02.606989	2015-08-25 07:02:02.606989
102	1	77	2015-08-25 09:26:28.248136	2015-08-25 09:26:28.248136
103	20	77	2015-08-25 09:26:32.729062	2015-08-25 09:26:32.729062
104	25	77	2015-08-25 09:26:36.418988	2015-08-25 09:26:36.418988
105	56	77	2015-08-25 09:26:40.500173	2015-08-25 09:26:40.500173
106	49	77	2015-08-25 09:26:43.981636	2015-08-25 09:26:43.981636
109	1	80	2015-08-26 06:53:01.250256	2015-08-26 06:53:01.250256
110	2	80	2015-08-26 06:53:04.383271	2015-08-26 06:53:04.383271
111	48	80	2015-08-26 06:53:08.33123	2015-08-26 06:53:08.33123
112	58	80	2015-08-26 06:53:12.019335	2015-08-26 06:53:12.019335
113	46	80	2015-08-26 06:53:16.900183	2015-08-26 06:53:16.900183
114	1	82	2015-08-26 11:01:54.320278	2015-08-26 11:01:54.320278
115	3	82	2015-08-26 11:01:57.518034	2015-08-26 11:01:57.518034
116	34	82	2015-08-26 11:02:01.715837	2015-08-26 11:02:01.715837
117	43	82	2015-08-26 11:02:05.047249	2015-08-26 11:02:05.047249
118	64	82	2015-08-26 11:02:10.044611	2015-08-26 11:02:10.044611
119	1	84	2015-08-26 11:11:45.413795	2015-08-26 11:11:45.413795
120	2	84	2015-08-26 11:11:49.711524	2015-08-26 11:11:49.711524
121	45	84	2015-08-26 11:11:54.85872	2015-08-26 11:11:54.85872
122	52	84	2015-08-26 11:11:57.873924	2015-08-26 11:11:57.873924
123	38	84	2015-08-26 11:12:01.322952	2015-08-26 11:12:01.322952
124	1	86	2015-08-26 11:36:57.564989	2015-08-26 11:36:57.564989
125	2	86	2015-08-26 11:37:00.504862	2015-08-26 11:37:00.504862
126	52	86	2015-08-26 11:37:03.936398	2015-08-26 11:37:03.936398
127	38	86	2015-08-26 11:37:07.217872	2015-08-26 11:37:07.217872
128	46	86	2015-08-26 11:37:10.616333	2015-08-26 11:37:10.616333
129	1	88	2015-08-26 12:48:47.111147	2015-08-26 12:48:47.111147
130	1	88	2015-08-26 12:48:49.552222	2015-08-26 12:48:49.552222
131	2	88	2015-08-26 12:48:51.991345	2015-08-26 12:48:51.991345
132	1	90	2015-08-26 13:11:22.501629	2015-08-26 13:11:22.501629
133	1	90	2015-08-26 13:11:24.61644	2015-08-26 13:11:24.61644
134	2	90	2015-08-26 13:11:27.348337	2015-08-26 13:11:27.348337
138	1	93	2015-08-27 11:25:29.47914	2015-08-27 11:25:29.47914
56	1	57	2015-08-20 09:27:54.398862	2015-08-20 09:27:54.398862
139	5	93	2015-08-27 11:25:41.547429	2015-08-27 11:25:41.547429
58	1	59	2015-08-20 15:55:50.162087	2015-08-20 15:55:50.162087
140	51	93	2015-08-27 11:25:44.312712	2015-08-27 11:25:44.312712
141	45	93	2015-08-27 11:25:47.494354	2015-08-27 11:25:47.494354
142	47	93	2015-08-27 11:25:50.97603	2015-08-27 11:25:50.97603
143	1	95	2015-08-27 11:45:31.782939	2015-08-27 11:45:31.782939
144	1	96	2015-08-28 10:58:43.494677	2015-08-28 10:58:43.494677
145	1	96	2015-08-28 10:58:46.192037	2015-08-28 10:58:46.192037
146	1	98	2015-08-29 19:10:57.84457	2015-08-29 19:10:57.84457
147	2	98	2015-08-29 19:11:03.265796	2015-08-29 19:11:03.265796
148	3	98	2015-08-29 19:11:05.714419	2015-08-29 19:11:05.714419
149	1	100	2015-08-31 10:49:40.698775	2015-08-31 10:49:40.698775
150	2	100	2015-08-31 10:49:43.529966	2015-08-31 10:49:43.529966
71	1	63	2015-08-21 07:34:05.653414	2015-08-21 07:34:05.653414
72	1	63	2015-08-21 07:34:08.735356	2015-08-21 07:34:08.735356
73	1	63	2015-08-21 07:48:29.173269	2015-08-21 07:48:29.173269
74	64	63	2015-08-21 07:55:23.217478	2015-08-21 07:55:23.217478
75	64	63	2015-08-21 07:55:29.197928	2015-08-21 07:55:29.197928
76	1	65	2015-08-21 09:36:39.265408	2015-08-21 09:36:39.265408
152	1	102	2015-08-31 15:58:33.555984	2015-08-31 15:58:33.555984
78	1	67	2015-08-24 08:59:27.306014	2015-08-24 08:59:27.306014
79	1	67	2015-08-24 08:59:29.612892	2015-08-24 08:59:29.612892
80	1	67	2015-08-24 08:59:32.769581	2015-08-24 08:59:32.769581
153	1	102	2015-08-31 15:58:38.070315	2015-08-31 15:58:38.070315
154	2	102	2015-08-31 15:58:42.917822	2015-08-31 15:58:42.917822
155	1	104	2015-08-31 16:28:59.486911	2015-08-31 16:28:59.486911
156	2	104	2015-08-31 16:29:04.43471	2015-08-31 16:29:04.43471
157	3	104	2015-08-31 16:29:07.266443	2015-08-31 16:29:07.266443
158	1	111	2015-09-01 06:11:05.994259	2015-09-01 06:11:05.994259
159	2	111	2015-09-01 06:11:09.61653	2015-09-01 06:11:09.61653
160	4	111	2015-09-01 06:11:12.281948	2015-09-01 06:11:12.281948
161	1	113	2015-09-01 07:31:56.511252	2015-09-01 07:31:56.511252
162	2	113	2015-09-01 07:32:00.055582	2015-09-01 07:32:00.055582
163	3	113	2015-09-01 07:32:02.549783	2015-09-01 07:32:02.549783
164	1	115	2015-09-01 10:25:01.993582	2015-09-01 10:25:01.993582
165	2	115	2015-09-01 10:25:04.491714	2015-09-01 10:25:04.491714
166	4	115	2015-09-01 10:25:07.639761	2015-09-01 10:25:07.639761
167	1	117	2015-09-01 18:16:08.591923	2015-09-01 18:16:08.591923
168	4	117	2015-09-01 18:16:13.829503	2015-09-01 18:16:13.829503
169	14	117	2015-09-01 18:16:25.506953	2015-09-01 18:16:25.506953
170	64	117	2015-09-01 18:16:31.670163	2015-09-01 18:16:31.670163
171	64	117	2015-09-01 18:16:35.343521	2015-09-01 18:16:35.343521
172	1	119	2015-09-03 08:06:44.011758	2015-09-03 08:06:44.011758
173	2	119	2015-09-03 08:06:47.200811	2015-09-03 08:06:47.200811
174	3	119	2015-09-03 08:06:49.758045	2015-09-03 08:06:49.758045
175	45	119	2015-09-03 08:06:55.221686	2015-09-03 08:06:55.221686
176	65	119	2015-09-03 08:06:59.969562	2015-09-03 08:06:59.969562
177	1	121	2015-09-03 11:38:01.875161	2015-09-03 11:38:01.875161
178	2	121	2015-09-03 11:38:04.307606	2015-09-03 11:38:04.307606
181	1	123	2015-09-03 12:24:56.081236	2015-09-03 12:24:56.081236
182	7	123	2015-09-03 12:25:08.066681	2015-09-03 12:25:08.066681
183	1	124	2015-09-03 14:36:54.925908	2015-09-03 14:36:54.925908
184	1	126	2015-09-03 17:11:46.634234	2015-09-03 17:11:46.634234
185	1	126	2015-09-03 17:11:48.907601	2015-09-03 17:11:48.907601
186	2	126	2015-09-03 17:11:51.173034	2015-09-03 17:11:51.173034
187	1	128	2015-09-03 19:16:27.645465	2015-09-03 19:16:27.645465
188	3	128	2015-09-03 19:16:30.560018	2015-09-03 19:16:30.560018
189	6	128	2015-09-03 19:31:39.98967	2015-09-03 19:31:39.98967
190	51	128	2015-09-03 19:31:45.320335	2015-09-03 19:31:45.320335
191	59	128	2015-09-03 19:31:54.881834	2015-09-03 19:31:54.881834
192	1	130	2015-09-03 19:38:29.386021	2015-09-03 19:38:29.386021
193	4	130	2015-09-03 19:38:33.151096	2015-09-03 19:38:33.151096
194	4	130	2015-09-03 19:38:36.299467	2015-09-03 19:38:36.299467
195	47	130	2015-09-03 19:38:41.688326	2015-09-03 19:38:41.688326
196	1	132	2015-09-04 05:31:27.929075	2015-09-04 05:31:27.929075
197	3	132	2015-09-04 05:31:30.795704	2015-09-04 05:31:30.795704
198	5	132	2015-09-04 05:31:33.712325	2015-09-04 05:31:33.712325
199	1	134	2015-09-04 08:20:41.213696	2015-09-04 08:20:41.213696
200	2	134	2015-09-04 08:20:43.528082	2015-09-04 08:20:43.528082
201	4	134	2015-09-04 08:20:48.417052	2015-09-04 08:20:48.417052
202	1	136	2015-09-04 11:17:45.795572	2015-09-04 11:17:45.795572
203	2	136	2015-09-04 11:17:48.051725	2015-09-04 11:17:48.051725
204	3	136	2015-09-04 11:17:53.366642	2015-09-04 11:17:53.366642
205	1	138	2015-09-04 13:29:09.324738	2015-09-04 13:29:09.324738
206	3	138	2015-09-04 13:29:11.738096	2015-09-04 13:29:11.738096
207	6	138	2015-09-04 13:29:15.267809	2015-09-04 13:29:15.267809
208	1	140	2015-09-05 08:45:23.911794	2015-09-05 08:45:23.911794
209	2	140	2015-09-05 08:45:26.867984	2015-09-05 08:45:26.867984
210	4	140	2015-09-05 08:45:30.032434	2015-09-05 08:45:30.032434
211	1	142	2015-09-06 09:16:02.008225	2015-09-06 09:16:02.008225
212	3	142	2015-09-06 09:16:05.688391	2015-09-06 09:16:05.688391
213	8	142	2015-09-06 09:16:09.09497	2015-09-06 09:16:09.09497
214	59	142	2015-09-06 09:16:13.276306	2015-09-06 09:16:13.276306
215	64	142	2015-09-06 09:16:19.373066	2015-09-06 09:16:19.373066
216	1	144	2015-09-06 15:03:11.675529	2015-09-06 15:03:11.675529
217	6	144	2015-09-06 15:03:15.324207	2015-09-06 15:03:15.324207
218	11	144	2015-09-06 15:03:18.772547	2015-09-06 15:03:18.772547
219	54	144	2015-09-06 15:03:23.076915	2015-09-06 15:03:23.076915
220	65	144	2015-09-06 15:03:27.093132	2015-09-06 15:03:27.093132
221	1	146	2015-09-08 09:06:11.638875	2015-09-08 09:06:11.638875
222	1	146	2015-09-08 09:38:22.604783	2015-09-08 09:38:22.604783
223	2	146	2015-09-08 09:48:15.315898	2015-09-08 09:48:15.315898
224	64	146	2015-09-08 09:48:20.870367	2015-09-08 09:48:20.870367
225	45	146	2015-09-08 09:48:27.133946	2015-09-08 09:48:27.133946
226	1	148	2015-09-10 07:53:54.558145	2015-09-10 07:53:54.558145
227	2	148	2015-09-10 07:53:57.605177	2015-09-10 07:53:57.605177
228	3	148	2015-09-10 07:54:00.245644	2015-09-10 07:54:00.245644
229	1	150	2015-09-10 13:04:09.703944	2015-09-10 13:04:09.703944
230	2	150	2015-09-10 13:04:11.802286	2015-09-10 13:04:11.802286
231	4	150	2015-09-10 13:04:14.284631	2015-09-10 13:04:14.284631
232	49	150	2015-09-10 13:25:23.652308	2015-09-10 13:25:23.652308
233	59	150	2015-09-10 13:25:27.509085	2015-09-10 13:25:27.509085
234	1	72	2015-09-11 06:32:18.343302	2015-09-11 06:32:18.343302
235	1	72	2015-09-11 06:32:18.379795	2015-09-11 06:32:18.379795
236	34	72	2015-09-11 06:32:18.387995	2015-09-11 06:32:18.387995
237	52	72	2015-09-11 06:32:18.39634	2015-09-11 06:32:18.39634
238	64	72	2015-09-11 06:32:18.404642	2015-09-11 06:32:18.404642
239	1	74	2015-09-11 06:32:18.412995	2015-09-11 06:32:18.412995
240	3	74	2015-09-11 06:32:18.421492	2015-09-11 06:32:18.421492
241	12	74	2015-09-11 06:32:18.429761	2015-09-11 06:32:18.429761
242	32	74	2015-09-11 06:32:18.438075	2015-09-11 06:32:18.438075
243	1	77	2015-09-11 06:32:18.446417	2015-09-11 06:32:18.446417
244	20	77	2015-09-11 06:32:18.454772	2015-09-11 06:32:18.454772
245	25	77	2015-09-11 06:32:18.479717	2015-09-11 06:32:18.479717
246	56	77	2015-09-11 06:32:18.488068	2015-09-11 06:32:18.488068
247	49	77	2015-09-11 06:32:18.49645	2015-09-11 06:32:18.49645
248	1	80	2015-09-11 06:32:18.504769	2015-09-11 06:32:18.504769
249	2	80	2015-09-11 06:32:18.513103	2015-09-11 06:32:18.513103
250	48	80	2015-09-11 06:32:18.521441	2015-09-11 06:32:18.521441
251	58	80	2015-09-11 06:32:18.529777	2015-09-11 06:32:18.529777
252	46	80	2015-09-11 06:32:18.538088	2015-09-11 06:32:18.538088
253	1	82	2015-09-11 06:32:18.546425	2015-09-11 06:32:18.546425
254	3	82	2015-09-11 06:32:18.554773	2015-09-11 06:32:18.554773
255	34	82	2015-09-11 06:32:18.563089	2015-09-11 06:32:18.563089
256	43	82	2015-09-11 06:32:18.571405	2015-09-11 06:32:18.571405
257	64	82	2015-09-11 06:32:18.579737	2015-09-11 06:32:18.579737
258	1	84	2015-09-11 06:32:18.588074	2015-09-11 06:32:18.588074
259	2	84	2015-09-11 06:32:18.596396	2015-09-11 06:32:18.596396
260	45	84	2015-09-11 06:32:18.604719	2015-09-11 06:32:18.604719
261	52	84	2015-09-11 06:32:18.613052	2015-09-11 06:32:18.613052
262	38	84	2015-09-11 06:32:18.621386	2015-09-11 06:32:18.621386
263	1	86	2015-09-11 06:32:18.629708	2015-09-11 06:32:18.629708
264	2	86	2015-09-11 06:32:18.638033	2015-09-11 06:32:18.638033
265	52	86	2015-09-11 06:32:18.646379	2015-09-11 06:32:18.646379
266	38	86	2015-09-11 06:32:18.654711	2015-09-11 06:32:18.654711
267	46	86	2015-09-11 06:32:18.663047	2015-09-11 06:32:18.663047
268	1	88	2015-09-11 06:32:18.671358	2015-09-11 06:32:18.671358
269	1	88	2015-09-11 06:32:18.679689	2015-09-11 06:32:18.679689
270	2	88	2015-09-11 06:32:18.688014	2015-09-11 06:32:18.688014
271	1	90	2015-09-11 06:32:18.696344	2015-09-11 06:32:18.696344
272	1	90	2015-09-11 06:32:18.704681	2015-09-11 06:32:18.704681
273	2	90	2015-09-11 06:32:18.713071	2015-09-11 06:32:18.713071
274	1	93	2015-09-11 06:32:18.721539	2015-09-11 06:32:18.721539
275	1	57	2015-09-11 06:32:18.729731	2015-09-11 06:32:18.729731
276	5	93	2015-09-11 06:32:18.738053	2015-09-11 06:32:18.738053
277	1	59	2015-09-11 06:32:18.746381	2015-09-11 06:32:18.746381
278	51	93	2015-09-11 06:32:18.754755	2015-09-11 06:32:18.754755
279	45	93	2015-09-11 06:32:18.763056	2015-09-11 06:32:18.763056
280	47	93	2015-09-11 06:32:18.771366	2015-09-11 06:32:18.771366
281	1	95	2015-09-11 06:32:18.779699	2015-09-11 06:32:18.779699
282	1	96	2015-09-11 06:32:18.788048	2015-09-11 06:32:18.788048
283	1	96	2015-09-11 06:32:18.796355	2015-09-11 06:32:18.796355
284	1	98	2015-09-11 06:32:18.804685	2015-09-11 06:32:18.804685
285	2	98	2015-09-11 06:32:18.813058	2015-09-11 06:32:18.813058
286	3	98	2015-09-11 06:32:18.821347	2015-09-11 06:32:18.821347
287	1	100	2015-09-11 06:32:18.829668	2015-09-11 06:32:18.829668
288	2	100	2015-09-11 06:32:18.838003	2015-09-11 06:32:18.838003
289	1	63	2015-09-11 06:32:18.846334	2015-09-11 06:32:18.846334
290	1	63	2015-09-11 06:32:18.854659	2015-09-11 06:32:18.854659
291	1	63	2015-09-11 06:32:18.863012	2015-09-11 06:32:18.863012
292	64	63	2015-09-11 06:32:18.871312	2015-09-11 06:32:18.871312
293	64	63	2015-09-11 06:32:18.879647	2015-09-11 06:32:18.879647
294	1	65	2015-09-11 06:32:18.887979	2015-09-11 06:32:18.887979
295	1	102	2015-09-11 06:32:18.896302	2015-09-11 06:32:18.896302
296	1	67	2015-09-11 06:32:18.904639	2015-09-11 06:32:18.904639
297	1	67	2015-09-11 06:32:18.91297	2015-09-11 06:32:18.91297
298	1	67	2015-09-11 06:32:18.921295	2015-09-11 06:32:18.921295
299	1	102	2015-09-11 06:32:18.929621	2015-09-11 06:32:18.929621
300	2	102	2015-09-11 06:32:18.938015	2015-09-11 06:32:18.938015
301	1	104	2015-09-11 06:32:18.946346	2015-09-11 06:32:18.946346
302	2	104	2015-09-11 06:32:18.954688	2015-09-11 06:32:18.954688
303	3	104	2015-09-11 06:32:18.963024	2015-09-11 06:32:18.963024
304	1	111	2015-09-11 06:32:18.97133	2015-09-11 06:32:18.97133
305	2	111	2015-09-11 06:32:18.979673	2015-09-11 06:32:18.979673
306	4	111	2015-09-11 06:32:19.021288	2015-09-11 06:32:19.021288
307	1	113	2015-09-11 06:32:19.02964	2015-09-11 06:32:19.02964
308	2	113	2015-09-11 06:32:19.037959	2015-09-11 06:32:19.037959
309	3	113	2015-09-11 06:32:19.046296	2015-09-11 06:32:19.046296
310	1	115	2015-09-11 06:32:19.054633	2015-09-11 06:32:19.054633
311	2	115	2015-09-11 06:32:19.062964	2015-09-11 06:32:19.062964
312	4	115	2015-09-11 06:32:19.071289	2015-09-11 06:32:19.071289
313	1	117	2015-09-11 06:32:19.079602	2015-09-11 06:32:19.079602
314	4	117	2015-09-11 06:32:19.08802	2015-09-11 06:32:19.08802
315	14	117	2015-09-11 06:32:19.096272	2015-09-11 06:32:19.096272
316	64	117	2015-09-11 06:32:19.10459	2015-09-11 06:32:19.10459
317	64	117	2015-09-11 06:32:19.112926	2015-09-11 06:32:19.112926
318	1	119	2015-09-11 06:32:19.121265	2015-09-11 06:32:19.121265
319	2	119	2015-09-11 06:32:19.129574	2015-09-11 06:32:19.129574
320	3	119	2015-09-11 06:32:19.137902	2015-09-11 06:32:19.137902
321	45	119	2015-09-11 06:32:19.146244	2015-09-11 06:32:19.146244
322	65	119	2015-09-11 06:32:19.154578	2015-09-11 06:32:19.154578
323	1	121	2015-09-11 06:32:19.162913	2015-09-11 06:32:19.162913
324	2	121	2015-09-11 06:32:19.171227	2015-09-11 06:32:19.171227
325	1	123	2015-09-11 06:32:19.179556	2015-09-11 06:32:19.179556
326	7	123	2015-09-11 06:32:19.187963	2015-09-11 06:32:19.187963
327	1	124	2015-09-11 06:32:19.196272	2015-09-11 06:32:19.196272
328	1	126	2015-09-11 06:32:19.204607	2015-09-11 06:32:19.204607
329	1	126	2015-09-11 06:32:19.212934	2015-09-11 06:32:19.212934
330	2	126	2015-09-11 06:32:19.221283	2015-09-11 06:32:19.221283
331	1	128	2015-09-11 06:32:19.22963	2015-09-11 06:32:19.22963
332	3	128	2015-09-11 06:32:19.23792	2015-09-11 06:32:19.23792
333	6	128	2015-09-11 06:32:19.246263	2015-09-11 06:32:19.246263
334	51	128	2015-09-11 06:32:19.254591	2015-09-11 06:32:19.254591
335	59	128	2015-09-11 06:32:19.262921	2015-09-11 06:32:19.262921
336	1	130	2015-09-11 06:32:19.271254	2015-09-11 06:32:19.271254
337	4	130	2015-09-11 06:32:19.279577	2015-09-11 06:32:19.279577
338	4	130	2015-09-11 06:32:19.28791	2015-09-11 06:32:19.28791
339	47	130	2015-09-11 06:32:19.296222	2015-09-11 06:32:19.296222
340	1	132	2015-09-11 06:32:19.304562	2015-09-11 06:32:19.304562
341	3	132	2015-09-11 06:32:19.346173	2015-09-11 06:32:19.346173
342	5	132	2015-09-11 06:32:19.354564	2015-09-11 06:32:19.354564
343	1	134	2015-09-11 06:32:19.362978	2015-09-11 06:32:19.362978
344	2	134	2015-09-11 06:32:19.371215	2015-09-11 06:32:19.371215
345	4	134	2015-09-11 06:32:19.379519	2015-09-11 06:32:19.379519
346	1	136	2015-09-11 06:32:19.387874	2015-09-11 06:32:19.387874
347	2	136	2015-09-11 06:32:19.396194	2015-09-11 06:32:19.396194
348	3	136	2015-09-11 06:32:19.404509	2015-09-11 06:32:19.404509
349	1	138	2015-09-11 06:32:19.412846	2015-09-11 06:32:19.412846
350	3	138	2015-09-11 06:32:19.421167	2015-09-11 06:32:19.421167
351	6	138	2015-09-11 06:32:19.429493	2015-09-11 06:32:19.429493
352	1	140	2015-09-11 06:32:19.437878	2015-09-11 06:32:19.437878
353	2	140	2015-09-11 06:32:19.446216	2015-09-11 06:32:19.446216
354	4	140	2015-09-11 06:32:19.454561	2015-09-11 06:32:19.454561
355	1	142	2015-09-11 06:32:19.462883	2015-09-11 06:32:19.462883
356	3	142	2015-09-11 06:32:19.471203	2015-09-11 06:32:19.471203
357	8	142	2015-09-11 06:32:19.479524	2015-09-11 06:32:19.479524
358	59	142	2015-09-11 06:32:19.48786	2015-09-11 06:32:19.48786
359	64	142	2015-09-11 06:32:19.496195	2015-09-11 06:32:19.496195
360	1	144	2015-09-11 06:32:19.50451	2015-09-11 06:32:19.50451
361	6	144	2015-09-11 06:32:19.512851	2015-09-11 06:32:19.512851
362	11	144	2015-09-11 06:32:19.521177	2015-09-11 06:32:19.521177
363	54	144	2015-09-11 06:32:19.546072	2015-09-11 06:32:19.546072
364	65	144	2015-09-11 06:32:19.554496	2015-09-11 06:32:19.554496
365	1	146	2015-09-11 06:32:19.562835	2015-09-11 06:32:19.562835
366	1	146	2015-09-11 06:32:19.571157	2015-09-11 06:32:19.571157
367	2	146	2015-09-11 06:32:19.579474	2015-09-11 06:32:19.579474
368	64	146	2015-09-11 06:32:19.587805	2015-09-11 06:32:19.587805
369	45	146	2015-09-11 06:32:19.596132	2015-09-11 06:32:19.596132
370	1	204	2015-09-11 07:46:59.20292	2015-09-11 07:46:59.20292
371	3	204	2015-09-11 07:47:01.643226	2015-09-11 07:47:01.643226
372	5	204	2015-09-11 07:47:04.708166	2015-09-11 07:47:04.708166
373	40	204	2015-09-11 07:47:08.831326	2015-09-11 07:47:08.831326
\.


--
-- Name: line_items_id_seq; Type: SEQUENCE SET; Schema: public; Owner: andrey
--

SELECT pg_catalog.setval('line_items_id_seq', 373, true);


--
-- Data for Name: schema_migrations; Type: TABLE DATA; Schema: public; Owner: andrey
--

COPY schema_migrations (version) FROM stdin;
20150817102111
20150817115259
20150817122823
20150817130919
20150817141500
20150817141718
20150817142620
20150818082220
20150826132543
\.


--
-- Data for Name: users; Type: TABLE DATA; Schema: public; Owner: andrey
--

COPY users (id, email, encrypted_password, reset_password_token, reset_password_sent_at, remember_created_at, sign_in_count, current_sign_in_at, last_sign_in_at, current_sign_in_ip, last_sign_in_ip, created_at, updated_at, admin, name, balance) FROM stdin;
4	drtombery@gmail.com	$2a$10$elIkHbz7YYhutPmWE0ZYPuNXmqq7kQKIWEno6BOrhs9t/AfwT.3o.	ab1803ef6a311ecfe96454d80819536f992e089e7b286d43ffaa612b791b08e3	2015-08-20 15:15:05.322876	\N	1	2015-08-20 10:41:18.30124	2015-08-20 10:41:18.30124	127.0.0.1	127.0.0.1	2015-08-20 10:41:18.276137	2015-08-20 15:15:05.323691	f	andrey	2100
3	gora0706@yandex.ru	$2a$10$LPSCRUSobDM0nyPW0RIXN.A6hE744Jzk.CnLPAXXwFkybGiIF2w3G	\N	\N	\N	2	2015-08-19 18:26:01.763565	2015-08-19 18:17:53.052895	127.0.0.1	127.0.0.1	2015-08-19 18:17:52.959985	2015-08-19 18:26:06.515735	f	 Gora	2100
2	user@ya.ru	$2a$10$j8/2EaSqHg81iAnh07mgz..1J66U6D/GpVRvFerE9rYszdIKpqHZq	\N	\N	\N	65	2015-09-11 07:46:51.884253	2015-09-10 13:04:03.526191	127.0.0.1	127.0.0.1	2015-08-18 11:09:28.537016	2015-09-11 07:47:08.819422	f	user1	0
1	tombery1@ya.ru	$2a$10$jKKpXM.s5TUBb8gl1T4QbObQfb7mwe9cYz41OPWummcsjEbfTdohK	04de9d0deca858decb2a467ed0e4ae15ad27347516bd57da8d2b2113d220ba60	2015-08-20 15:01:40.420697	\N	18	2015-09-03 19:37:53.571795	2015-08-27 11:35:40.247739	127.0.0.1	127.0.0.1	2015-08-18 07:35:31.447242	2015-09-03 19:37:53.572463	t	admin	900
\.


--
-- Name: users_id_seq; Type: SEQUENCE SET; Schema: public; Owner: andrey
--

SELECT pg_catalog.setval('users_id_seq', 4, true);


--
-- Name: cards_pkey; Type: CONSTRAINT; Schema: public; Owner: andrey; Tablespace: 
--

ALTER TABLE ONLY cards
    ADD CONSTRAINT cards_pkey PRIMARY KEY (id);


--
-- Name: carts_pkey; Type: CONSTRAINT; Schema: public; Owner: andrey; Tablespace: 
--

ALTER TABLE ONLY carts
    ADD CONSTRAINT carts_pkey PRIMARY KEY (id);


--
-- Name: games_pkey; Type: CONSTRAINT; Schema: public; Owner: andrey; Tablespace: 
--

ALTER TABLE ONLY games
    ADD CONSTRAINT games_pkey PRIMARY KEY (id);


--
-- Name: line_items_pkey; Type: CONSTRAINT; Schema: public; Owner: andrey; Tablespace: 
--

ALTER TABLE ONLY line_items
    ADD CONSTRAINT line_items_pkey PRIMARY KEY (id);


--
-- Name: users_pkey; Type: CONSTRAINT; Schema: public; Owner: andrey; Tablespace: 
--

ALTER TABLE ONLY users
    ADD CONSTRAINT users_pkey PRIMARY KEY (id);


--
-- Name: index_cards_on_name; Type: INDEX; Schema: public; Owner: andrey; Tablespace: 
--

CREATE INDEX index_cards_on_name ON cards USING btree (name);


--
-- Name: index_cards_on_price; Type: INDEX; Schema: public; Owner: andrey; Tablespace: 
--

CREATE INDEX index_cards_on_price ON cards USING btree (price);


--
-- Name: index_line_items_on_card_id; Type: INDEX; Schema: public; Owner: andrey; Tablespace: 
--

CREATE INDEX index_line_items_on_card_id ON line_items USING btree (card_id);


--
-- Name: index_line_items_on_cart_id; Type: INDEX; Schema: public; Owner: andrey; Tablespace: 
--

CREATE INDEX index_line_items_on_cart_id ON line_items USING btree (cart_id);


--
-- Name: index_users_on_email; Type: INDEX; Schema: public; Owner: andrey; Tablespace: 
--

CREATE UNIQUE INDEX index_users_on_email ON users USING btree (email);


--
-- Name: index_users_on_reset_password_token; Type: INDEX; Schema: public; Owner: andrey; Tablespace: 
--

CREATE UNIQUE INDEX index_users_on_reset_password_token ON users USING btree (reset_password_token);


--
-- Name: unique_schema_migrations; Type: INDEX; Schema: public; Owner: andrey; Tablespace: 
--

CREATE UNIQUE INDEX unique_schema_migrations ON schema_migrations USING btree (version);


--
-- Name: public; Type: ACL; Schema: -; Owner: postgres
--

REVOKE ALL ON SCHEMA public FROM PUBLIC;
REVOKE ALL ON SCHEMA public FROM postgres;
GRANT ALL ON SCHEMA public TO postgres;
GRANT ALL ON SCHEMA public TO PUBLIC;


--
-- PostgreSQL database dump complete
--

